movieInfo,ranking,title,year
"
When the menace known as the Joker emerges from his mysterious past, he wreaks havoc and chaos on the people of Gotham, the Dark Knight must accept one of the greatest psychological and physical tests of his ability to fight injustice.",9.0,The Dark Knight,(2008)
"
A thief, who steals corporate secrets through the use of dream-sharing technology, is given the inverse task of planting an idea into the mind of a CEO.",8.8,Inception,(2010)
"
After the rebels are overpowered by the Empire on the ice planet Hoth, Luke Skywalker begins Jedi training with Yoda. His friends accept shelter from a questionable ally as Darth Vader hunts them in a plan to capture Luke.",8.8,Star Wars: Episode V - The Empire Strikes Back,(1980)
"
Luke Skywalker joins forces with a Jedi Knight, a cocky pilot, a Wookiee and two droids to save the galaxy from the Empire's world-destroying battle-station while also attempting to rescue Princess Leia from the evil Darth Vader.",8.7,Star Wars: Episode IV - A New Hope,(1977)
"
A computer hacker learns from mysterious rebels about the true nature of his reality and his role in the war against its controllers.",8.7,The Matrix,(1999)
"
Former wrestler Mahavir Singh Phogat and his two wrestler daughters struggle towards glory at the Commonwealth Games in the face of societal oppression.",8.6,Dangal,(2016)
"
When a Roman General is betrayed, and his family murdered by an emperor's corrupt son, he comes to Rome as a gladiator to seek revenge.",8.5,Gladiator,(2000)
"
Archaeologist and adventurer Indiana Jones is hired by the U.S. government to find the Ark of the Covenant before the Nazis.",8.5,Raiders of the Lost Ark,(1981)
"
A cyborg, identical to the one who failed to kill Sarah Connor, must now protect her ten year old son, John Connor, from a more advanced cyborg.",8.5,Terminator 2,(1991)
"
When Shiva, the son of Bahubali, learns about his heritage, he begins to look for answers. His story is juxtaposed with past events that unfolded in the Mahishmati Kingdom.",8.5,Baahubali 2: The Conclusion,(2017)
"
Eight years after the Joker's reign of anarchy, Batman, with the help of the enigmatic Catwoman, is forced from his exile to save Gotham City, now on the edge of total annihilation, from the brutal guerrilla terrorist Bane.",8.4,The Dark Knight Rises,(2012)
"
After a daring mission to rescue Han Solo from Jabba the Hutt, the rebels dispatch to Endor to destroy a more powerful Death Star. Meanwhile, Luke struggles to help Vader back from the dark side without falling into the Emperor's trap.",8.4,Star Wars: Episode VI - Return of the Jedi,(1983)
"
57 years later, Ellen Ripley is rescued by a deep salvage team during her hypersleep. The moon from the original movie has been colonized, but contact is lost. This time, colonial marines have impressive firepower, but will that be enough?",8.4,Aliens,(1986)
"
A hapless New York advertising executive is mistaken for a government agent by a group of foreign spies, and is pursued across the country while he looks for a way to survive.",8.4,North by Northwest,(1959)
"
A rock star must overcome his psychological inhibitions to seek revenge for his parents' death.",8.4,1 - Nenokkadine,(2014)
"
Vishwanathan, a Kathak dance teacher in New York, is in a rather happy marriage with Nirupama who is a nuclear oncologist. She hires a detective to keep a watch on her husband, who ...                , »
",8.4,Vishwaroopam,(2013)
"
After training with his mentor, Batman begins his fight to free crime-ridden Gotham City from the corruption that Scarecrow and the League of Shadows have cast upon it.",8.3,Batman Begins,(2005)
"
When Dr. Henry Jones, Sr. suddenly goes missing while pursuing the Holy Grail, eminent archaeologist Dr. Henry ""Indiana"" Jones, Jr. must follow in his father's footsteps to stop the Nazis from getting their hands on the Holy Grail first.",8.3,Indiana Jones and the Last Crusade,(1989)
"
A crafty ronin comes to a town divided by two criminal gangs and decides to play them against each other to free the town.",8.3,Yojimbo,(1961)
"
A clash between Sultan and Shahid Khan leads to the expulsion of Khan from Wasseypur, and ignites a deadly blood feud spanning three generations.",8.3,Gangs of Wasseypur,(2012)
"
The story of Paan Singh Tomar, an Indian athlete and seven-time national steeplechase champion who becomes one of the most feared dacoits in Chambal Valley after his retirement.",8.3,Paan Singh Tomar,(2012)
"
John McClane, officer of the NYPD, tries to save his wife Holly Gennaro and several others that were taken hostage by German terrorist Hans Gruber during a Christmas party at the Nakatomi Plaza in Los Angeles.",8.2,Die Hard,(1988)
"
In a future British tyranny, a shadowy freedom fighter, known only by the alias of ""V"", plots to overthrow it with the help of a young woman.",8.2,V for Vendetta,(2005)
"
In Medieval Japan, an elderly warlord retires, handing over his empire to his three sons. However, he vastly underestimates how the new-found power will corrupt them and cause them to turn on each other...and him.",8.2,Ran,(1985)
"
In ancient India, an adventurous and daring man becomes involved in a decades old feud between two warring people.",8.2,Baahubali: The Beginning,(2015)
"
When Union spies steal an engineer's beloved locomotive, he pursues it single-handedly and straight through enemy lines.",8.2,The General,(1926)
"
When Iraq invades Kuwait in August, 1990, a callous Indian businessman becomes the spokesperson for more than 170,000 stranded countrymen.",8.2,Airlift,(2016)
"
A young man returns to Kashmir after his father's disappearance to confront his uncle - the man he suspects of playing a role in his father's fate.",8.2,Haider,(2014)
"
After his family is murdered by a notorious and ruthless bandit, a former police officer enlists the services of two outlaws to capture the bandit.",8.2,Sholay,(1975)
"
The efforts of the Pakistani security forces in their fight against terrorism and how the lives of security officials are affected. A retired security officer returns to save Pakistan from a major terrorist attack.",8.2,Waar,(2013)
"
Three unemployed men find the answer to all their money problems when they recieve a call from a kidnapper. However, things do not go as planned.",8.2,Hera Pheri,(2000)
"
Story of 40-man Turkish task force who must defend a relay station.",8.2,The Breath,(2009)
"
Allied soldiers from Belgium, the British Empire and France are surrounded by the German Army, and evacuated during a fierce battle in World War II.",8.1,Dunkirk,(2017)
"
Imprisoned, the mighty Thor finds himself in a lethal gladiatorial contest against the Hulk, his former ally. Thor must fight for survival and race against time to prevent the all-powerful Hela from destroying his home and the Asgardian civilization.",8.1,Thor: Ragnarok,(2017)
"
In the near future, a weary Logan cares for an ailing Professor X, somewhere on the Mexican border. However, Logan's attempts to hide from the world, and his legacy, are upended when a young mutant arrives, pursued by dark forces.",8.1,Logan,(2017)
"
A group of intergalactic criminals are forced to work together to stop a fanatical warrior from taking control of the universe.",8.1,Guardians of the Galaxy,(2014)
"
A woman rebels against a tyrannical ruler in postapocalyptic Australia in search for her home-land with the help of a group of female prisoners, a psychotic worshipper, and a drifter named Max.",8.1,Mad Max: Fury Road,(2015)
"
Earth's mightiest heroes must come together and learn to fight as a team if they are going to stop the mischievous Loki and his alien army from enslaving humanity.",8.1,The Avengers,(2012)
"
The Bride wakens from a four-year coma. The child she carried in her womb is gone. Now she must wreak vengeance on the team of assassins who betrayed her - a team she was once part of.",8.1,Kill Bill: Vol. 1,(2003)
"
The merciless 1970s rivalry between Formula One rivals , and ,.",8.1,Rush,(I) (2013)
"
Jason Bourne dodges a ruthless CIA official and his agents from a new assassination program while searching for the origins of his life as a trained killer.",8.1,The Bourne Ultimatum,(2007)
"
A secret military project endangers Neo-Tokyo when it turns a biker gang member into a rampaging psychic psychopath that only two teenagers and a group of psychics can stop.",8.1,Akira,(1988)
"
During the Japanese invasion of 1937, when a wealthy martial artist is forced to leave his home and work to support his family, he reluctantly agrees to train others in the art of Wing Chun for self-defense.",8.1,Ip Man,(2008)
"
In a small Korean province in 1986, three detectives struggle with the case of multiple young women being found raped and murdered by an unknown culprit.",8.1,Memories of Murder,(2003)
"
1997, Captain Nascimento has to find a substitute for his occupation while trying to take down drug dealers and criminals before the Pope comes to Rio de Janeiro, Brazil.",8.1,Elite Squad,(2007)
"
An elite counter-intelligence unit learns of a plot, masterminded by a maniacal madman. With the clock ticking, it's up to them to track the terrorists' international tentacles and prevent them from striking at the heart of India.",8.1,Baby,(I) (2015)
"
An Indian man with a magnanimous heart takes a young mute Pakistani girl back to her homeland to reunite her with her family.",8.1,Bajrangi Bhaijaan,(2015)
"
After a prison riot, former-Captain Nascimento, now a high ranking security officer in Rio de Janeiro, is swept into a bloody political dispute that involves government officials and paramilitary groups.",8.1,Elite Squad: The Enemy Within,(2010)
"
A drama about the fate of brothers forced to fight in the Korean War.",8.1,Tae Guk Gi: The Brotherhood of War,(2004)
"
Three decades after the Empire's defeat, a new threat arises in the militant First Order. Stormtrooper defector Finn and the scavenger Rey are caught up in the Resistance's search for the missing Luke Skywalker.",8.0,Star Wars: The Force Awakens,(2015)
"
A Hong Kong detective teams up with his female Red Chinese counterpart to stop a Chinese drug czar.",6.9,Supercop,(1992)
"
Hubert Bonisseur de la Bath, aka OSS 117, is the French spy considered by his superiors to be the best in the business. The year is 1967 - he's been sent on a mission to Rio de Janeiro, to ...                , »
",6.9,OSS 117: Lost in Rio,(2009)
"
An action epic that explores the origins of Master Shake, Frylock, and Meatwad, better known as the Aqua Teen Hunger Force, who somehow become pitted in a battle over an immortal piece of exercise equipment.",6.9,Aqua Teen Hunger Force Colon Movie Film for Theaters,(2007)
"
Karan and Arjun reincarnate in the different parts of the country. But the faith of their previous mother brings them together in order to avenge their death.",6.9,Karan Arjun,(1995)
"
A small time detective is mistaken as a CBI agent and gets embroiled in a deadly mission to save the Chief Minister from an assassination attempt.",6.9,Baadshah,(1999)
"
A group of Iraq War veterans looks to clear their name with the U.S. Military, who suspect the four men of committing a crime for which they were framed.",6.8,The A-Team,(2010)
"
Agent J travels in time to M.I.B.'s early days in 1969 to stop an alien from assassinating his friend Agent K and changing history.",6.8,Men in Black 3,(2012)
"
Two hip detectives protect a witness to a murder while investigating a case of stolen heroin from the evidence storage room from their police precinct.",6.8,Bad Boys,(1995)
"
A hapless store clerk must foil criminals to save the life of the man who, miniaturized in a secret experiment, was accidentally injected into him.",6.8,Innerspace,(1987)
"
A hard-nosed, hard-living Marine gunnery sergeant clashes with his superiors and his ex-wife as he takes command of a spoiled recon platoon with a bad attitude.",6.8,Heartbreak Ridge,(1986)
"
Manny, Sid, and Diego discover that the ice age is coming to an end, and join everybody for a journey to higher ground. On the trip, they discover that Manny, in fact, is not the last of the woolly mammoths.",6.8,Ice Age: The Meltdown,(2006)
"
A secret agent loses his memory after falling from a crashing helicopter. He is then chased by a number of other agency operatives, but he has no idea why.",6.8,Jackie Chan's Who Am I?,(1998)
"
Three go-go dancers holding a young girl hostage come across a crippled old man living with his two sons in the desert. After learning he's hiding a sum of cash around, the women start scheming on him.",6.8,"Faster, Pussycat! Kill! Kill!",(1965)
"
When a small town police station is threatened with shutting down because of too little crime, the police realise that something has to be done...",6.8,Kopps,(2003)
"
Guru Ji is a social reformer who works to help people fight against social evils.",6.8,MSG: The Messenger,(2015)
"
Two mismatched New York City detectives seize an opportunity to step up like the city's top cops, whom they idolize, only things don't quite go as planned.",6.7,The Other Guys,(2010)
"
Two hardened criminals get into trouble with the US border patrol after meeting with a Mexican drug lord, and then revelations start to unfold.",6.7,2 Guns,(2013)
"
Four teenage mutant ninja turtles emerge from the shadows to protect New York City from a gang of criminal ninjas.",6.7,Teenage Mutant Ninja Turtles,(1990)
"
A young thief, seeking revenge for the death of his brother, is trained by the once great, but aged Zorro, who also pursues vengeance of his own.",6.7,The Mask of Zorro,(1998)
"
The adventures of an orphaned boy named Pete and his best friend Elliot, who just so happens to be a dragon.",6.7,Pete's Dragon,(2016)
"
Retired C.I.A. Agent Frank Moses reunites his unlikely team of elite operatives for a global quest to track down a missing portable nuclear device.",6.7,RED 2,(2013)
"
A tough aspiring chef is hired to bring home a mobster's son from the Amazon but becomes involved in the fight against an oppressive town operator and the search for a legendary treasure.",6.7,The Rundown,(2003)
"
The animals try to fly back to New York City, but crash-land on an African wildlife refuge, where Alex is reunited with his parents.",6.7,Madagascar: Escape 2 Africa,(2008)
"
A parody of , (1986) in which a talented but unstable fighter pilot must overcome the ghosts of his father and save a mission sabotaged by greedy weapons manufacturers.",6.7,Hot Shots!,(1991)
"
In a post-apocalyptic wasteland in 1997, a comic book fan adopts the persona of his favourite hero to save his enthusiastic friend and fight a tyrannical overlord.",6.7,Turbo Kid,(2015)
"
An outlaw cat, his childhood egg-friend and a seductive thief kitty set out in search for the eggs of the fabled Golden Goose to clear his name, restore his lost honor and regain the trust of his mother and town.",6.7,Puss in Boots,(2011)
"
A man named Mr. Smith delivers a woman's baby during a shootout, and is then called upon to protect the newborn from the army of gunmen.",6.7,Shoot 'Em Up,(2007)
"
A young man visiting and helping his uncle in New York City finds himself forced to fight a street gang and the mob with his martial art skills.",6.7,Rumble in the Bronx,(1995)
"
When a man (Robbins) believes he has discovered that his wife is having an affair with his boss, it sets off a chain reaction of events. First he wanders into a ghetto where a robber (...                , »
",6.7,Nothing to Lose,(1997)
"
Hubert is a French policeman with very sharp methods. After being forced to take 2 months off by his boss, who doesn't share his view on working methods, he goes back to Japan, where he ...                , »
",6.7,Wasabi,(2001)
"
Three friends try to make money and invite another friend in on a plot.",6.7,Redirected,(2014)
"
In the 1970s, Om, an aspiring actor, is murdered, but is immediately reincarnated into the present day. He attempts to discover the mystery of his demise and find Shanti, the love of his previous life.",6.7,Om Shanti Om,(2007)
"
Thongs and Octopus accept a job from their landlord: Kidnap a baby. Soon, the baby awakens strong paternal feelings in the two crooks, leading to complications when it comes to handing him over to his possibly crazy gang boss grandfather.",6.7,Robin-B-Hood,(2006)
"
A group of friends, just looking to have a good time in a rave party on a remote island in Goa, find out that the island is infested with Zombies.",6.7,Go Goa Gone,(2013)
"
Following Kick-Ass' heroics, other citizens are inspired to become masked crusaders. But Red Mist leads his own group of evil supervillains to get revenge, kill Kick-Ass and destroy everything he stands for.",6.6,Kick-Ass 2,(2013)
"
Number one NASCAR driver Ricky Bobby stays atop the heap thanks to a pact with his best friend and teammate, Cal Naughton, Jr. But when a French Formula One driver, makes his way up the ladder, Ricky Bobby's talent and devotion are put to the test.",6.6,Talladega Nights: The Ballad of Ricky Bobby,(2006)
"
An uptight FBI Special Agent is paired with a foul-mouthed Boston cop to take down a ruthless drug lord.",6.6,The Heat,(I) (2013)
"
Dr. Evil is back and has invented a new time machine that allows him to go back to the 1960s and steal Austin Powers' mojo, inadvertently leaving him ""shagless"".",6.6,Austin Powers: The Spy Who Shagged Me,(1999)
"
Two loose-cannon narcotics cops investigate the flow of Ecstasy into Florida from a Cuban drug cartel.",6.6,Bad Boys II,(2003)
"
Carter and Lee head to Hong Kong for vacation, but become embroiled in a counterfeit money scam.",6.6,Rush Hour 2,(2001)
"
A teen gang in South London defend their block from an alien invasion.",6.6,Attack the Block,(2011)
"
""Rambo"" parody in which Topper Harley leads a rescue team into Iraq to save Iraqi war prisoners and all of their previous rescue teams.",6.6,Hot Shots! Part Deux,(1993)
"
A Chinese man who travels to the Wild West to rescue a kidnapped princess. After teaming up with a train robber, the unlikely duo takes on a Chinese traitor and his corrupt boss.",6.6,Shanghai Noon,(2000)
"
In this parody of blaxploitation movies, a black hero wannabe reunites former black heroes from the 70s to help him get revenge on Mr. Big.",6.6,I'm Gonna Git You Sucka,(1988)
"
Wallace Ritchie is mistaken for a spy and must stop a plot to assassinate international leaders at a banquet.",6.6,The Man Who Knew Too Little,(1997)
"
Two detectives observe an escaped convict's ex-girlfriend, but complications set in when one of them falls for her.",6.6,Stakeout,(1987)
"
This installment of Chan's Police Story series has our hero trying to locate a missing nuclear warhead.",6.6,Jackie Chan's First Strike,(1996)
"
The Four Horsemen resurface, and are forcibly recruited by a tech genius to pull off their most impossible heist yet.",6.5,Now You See Me 2,(2016)
"
A woman transformed into a giant after she is struck by a meteorite on her wedding day becomes part of a team of monsters sent in by the U.S. government to defeat an alien mastermind trying to take over Earth.",6.5,Monsters vs. Aliens,(2009)
"
A bored married couple is surprised to learn that they are both assassins hired by competing agencies to kill each other.",6.5,Mr. & Mrs. Smith,(2005)
"
A highly intellectual but socially awkward spy is tasked with preventing a terrorist attack from a Russian spy agency.",6.5,Get Smart,(2008)
"
The discovery of a massive river of ectoplasm and a resurgence of spectral activity allows the staff of Ghostbusters to revive the business.",6.5,Ghostbusters II,(1989)
"
Axel Foley returns to Beverly Hills to help Taggart and Rosewood investigate Chief Bogomil's near-fatal shooting and the series of ""alphabet crimes"" associated with it.",6.5,Beverly Hills Cop II,(1987)
"
Little Red Riding Hood, the Wolf, the Woodsman, and Granny all tell the police the events that led up to their encounter.",6.5,Hoodwinked!,(2005)
"
An Arizona deputy goes to New York City to escort a fugitive back into custody.",6.5,Coogan's Bluff,(1968)
"
Police inspector Emilien and his taxi-driver pal Daniel are back, this time on the tail of a group of Japanese yakuza.",6.5,Taxi 2,(2000)
"
There are 666 portals that connect this world to the other side. These are concealed from all human beings. Somewhere in Japan exists the 444th portal.... The forest of resurrection.",6.5,Versus,(II) (2000)
"
Set in Boston in 1978, a meeting in a deserted warehouse between two gangs turns into a shootout and a game of survival.",6.4,Free Fire,(2016)
"
Minions Stuart, Kevin, and Bob are recruited by Scarlet Overkill, a supervillain who, alongside her inventor husband Herb, hatches a plot to take over the world.",6.4,Minions,(2015)
"
A trio of bodybuilders in Florida get caught up in an extortion ring and a kidnapping scheme that goes terribly wrong.",6.4,Pain & Gain,(2013)
"
A high school biology teacher looks to become a successful mixed-martial arts fighter in an effort to raise money to prevent extra-curricular activities from being axed at his cash-strapped school.",6.4,Here Comes the Boom,(2012)
"
A young pilot stumbles onto a prototype jetpack that allows him to become a high flying masked hero.",6.4,The Rocketeer,(1991)
"
The three best of the disbanded Musketeers - Athos, Porthos, and Aramis - join a young hotheaded would-be-Musketeer, D'Artagnan, to stop the Cardinal Richelieu's evil plot: to form an ...                , »
",6.4,The Three Musketeers,(1993)
"
Flint Lockwood now works at The Live Corp Company for his idol Chester V. But he's forced to leave his post when he learns that his most infamous machine is still operational, and is churning out menacing food-animal hybrids.",6.4,Cloudy with a Chance of Meatballs 2,(2013)
"
When three redneck brothers agree to help a woman save her godson from an abusive stepfather, they become targets on the run from an odd cast of characters.",6.4,The Baytown Outlaws,(2012)
"
Patrons locked inside a bar are forced to fight monsters.",6.4,Feast,(2005)
"
Five friends from 'Maaskantje' are getting fired because of the economic crisis. They decide that they won't pay for anything anymore.",6.4,New Kids Turbo,(2010)
"
Gru meets his long-lost charming, cheerful, and more successful twin brother Dru who wants to team up with him for one last criminal heist.",6.3,Despicable Me 3,(2017)
"
After he reconnects with an awkward pal from high school through Facebook, a mild-mannered accountant is lured into the world of international espionage.",6.3,Central Intelligence,(2016)
"
Framed by their ruthless arch-nemesis, a mismatched LAPD crime-fighting duo has to put its differences aside to even the score with the evil kingpin who put them behind bars once and for all.",6.3,Tango & Cash,(1989)
"
Find out why the birds are so angry. When an island populated by happy, flightless birds is visited by mysterious green piggies, it's up to three unlikely outcasts - Red, Chuck and Bomb - to figure out what the pigs are up to.",6.3,The Angry Birds Movie,(2016)
"
A girl falls for the ""perfect"" guy, who happens to have a very fatal flaw: he's a hitman on the run from the crime cartels who employ him.",6.3,Mr. Right,(I) (2015)
"
A pair of CIA operatives wage an epic battle against one another when they discover they are dating the same woman.",6.3,This Means War,(2012)
"
Three scouts, on the eve of their last camp-out, discover the true meaning of friendship when they attempt to save their town from a zombie outbreak.",6.3,Scouts Guide to the Zombie Apocalypse,(2015)
"
When an L.A. drug kingpin's kitten unexpectedly enters the life of two cousins, they will have to go through gangs, hitmen and drug dealers who claim him in order to get him back.",6.3,Keanu,(2016)
"
With the help of a magic ticket, a young film fan is transported into the fictional world of his favorite action film character.",6.3,Last Action Hero,(1993)
"
A young woman gets mixed up with a disgraced spy who is trying to clear his name.",6.3,Knight and Day,(2010)
"
Johnny English goes up against international assassins hunting down the Chinese premier.",6.3,Johnny English Reborn,(2011)
"
A policeman white blood cell, with the help of a cold pill, must stop a deadly virus from destroying the human they live in, Frank.",6.3,Osmosis Jones,(2001)
"
The story of what happens after a master thief achieves his last big score, when the F.B.I. Agent who promised he'd capture him, is about to do just that.",6.3,After the Sunset,(2004)
"
The San Fernando Valley adventures of trucker turned prize-fighter Philo Beddoe and his pet orangutan Clyde.",6.3,Every Which Way But Loose,(1978)
"
A former convict poses as a cop to retrieve a diamond he stole years ago.",6.3,Blue Streak,(1999)
"
When the world is threatened by an ancient evil, the four adolescent turtles must reunite and overcome their faults in order to stand against it.",6.3,TMNT,(2007)
"
When an android replica of a boy is rejected by his aggrieved creator, he goes off to find his own identity in an adventure that would make him the greatest hero of his time.",6.3,Astro Boy,(2009)
"
A vulgar private detective is hired to find a missing groupie and is drawn into a mystery involving a series of murders tied to the music industry.",6.3,The Adventures of Ford Fairlane,(1990)
"
An American master chemist plans to score big on a once in a lifetime drug deal. All does not go as planned and he is soon entangled in a web of deceit.",6.3,Formula 51,(2001)
"
A blind Vietnam vet, trained as a swordfighter, comes to America and helps to rescue the son of a fellow soldier.",6.3,Blind Fury,(1989)
"
A talented mechanic prepares to battle his way through hordes of flesh-eating monsters after his sister is kidnapped on the eve of a zombie apocalypse.",6.3,Wyrmwood: Road of the Dead,(2014)
"
An action movie star researching a role is allowed to tag along with a hardboiled New York City policeman, who finds him superficial and irritating.",6.3,The Hard Way,(1991)
"
A corrupt police officer faces challenges from his family, gangsters and politicians.",6.3,Dabangg,(2010)
"
Two overly imaginative pranksters named George and Harold hypnotize their principal into thinking he's a ridiculously enthusiastic, incredibly dimwitted superhero named Captain Underpants.",6.2,Captain Underpants: The First Epic Movie,(2017)
"
Gloria is an out-of-work party girl forced to leave her life in New York City and move back home. When reports surface that a giant creature is destroying Seoul, she gradually comes to the realization that she is somehow connected to this phenomenon.",6.2,Colossal,(2016)
"
A new assignment forces a top spy to team up with his football hooligan brother.",6.2,The Brothers Grimsby,(2016)
"
Security guard Ben must prove himself to his girlfriend's brother, top police officer James. He rides along James on a 24-hour patrol of Atlanta.",6.2,Ride Along,(2014)
"
An FBI agent must go undercover in the Miss United States beauty pageant to prevent a group from bombing the event.",6.2,Miss Congeniality,(2000)
"
Upon learning that his father has been kidnapped, Austin Powers must travel to 1975 and defeat the aptly named villain Goldmember, who is working with Dr. Evil.",6.2,Austin Powers in Goldmember,(2002)
"
After an attempted assassination on Ambassador Han, Lee and Carter head to Paris to protect a French woman with knowledge of the Triads' secret leaders.",6.2,Rush Hour 3,(2007)
"
When a group of hard-working guys find out they've fallen victim to their wealthy employer's Ponzi scheme, they conspire to rob his high-rise residence.",6.2,Tower Heist,(2011)
"
A wide variety of eccentric competitors participate in a wild and illegal cross-country road race. However, the eccentric entrants will do anything to win the road race, including low-down, dirty tricks.",6.2,The Cannonball Run,(1981)
"
When a Chinese rebel murders Chon's estranged father and escapes to England, Chon and Roy make their way to London with revenge on their minds.",6.2,Shanghai Knights,(2003)
"
In a dystopian future, a cross country automobile race requires contestants to run down innocent pedestrians to gain points that are tallied based on each kill's brutality.",6.2,Death Race 2000,(1975)
"
Sought by police and criminals, a small-time huckster makes a deal with a TV newsman for protection.",6.2,Money Talks,(1997)
"
A rough-around-the-edges martial arts master seeks revenge for his parent's death.",6.2,Kung Pow: Enter the Fist,(2002)
"
Tromaville has a monstrous new hero. The Toxic Avenger is born when meek mop boy Melvin falls into a vat of toxic waste. Now evildoers will have a lot to lose.",6.2,The Toxic Avenger,(1984)
"
A weak con man panics when he learns he's going to prison for fraud. He hires a mysterious martial arts guru who helps transform him into a martial arts expert who can fight off inmates who want to hurt or love him.",6.2,Big Stan,(2007)
"
A Chinese chef accidentally gets involved with a news reporter who filmed a drug bust that went awry and is now being chased by gangs who are trying to get the video tape.",6.2,Mr. Nice Guy,(1997)
"
Archeologist Jack keeps having reoccurring dreams of a past life, where he is the great General Meng Yi, whom is sworn to protect a Korean Princess named OK-soo. Jack decides to go investigate everything with his friend William.",6.2,The Myth,(2005)
"
Two young brothers are drawn into an intergalactic adventure when their house is hurled through the depths of space by the magical board game they are playing.",6.1,Zathura: A Space Adventure,(2005)
"
Agent J needs help so he is sent to find Agent K and restore his memory.",6.1,Men in Black II,(2002)
"
The comic strip detective finds his life vastly complicated when Breathless Mahoney makes advances towards him while he is trying to battle Big Boy Caprice's united mob.",6.1,Dick Tracy,(1990)
"
A stoner - who is in fact a government agent - is marked as a liability and targeted for extermination. But he's too well-trained and too high for them to handle.",6.1,American Ultra,(2015)
"
When missile technology is used to enhance toy action figures, the toys soon begin to take their battle programming too seriously.",6.1,Small Soldiers,(1998)
"
A group of inept amateur superheroes must try to save the day when a supervillian threatens to destroy a major superhero and the city.",6.1,Mystery Men,(1999)
"
After a sudden attack on the MI5, Johnny English, Britain's most confident yet unintelligent spy, becomes Britain's only spy.",6.1,Johnny English,(2003)
"
Two fledgling criminals kidnap a pizza delivery guy, strap a bomb to his chest, and inform him that he has mere hours to rob a bank or else...",6.1,30 Minutes or Less,(2011)
"
Former getaway driver Charles Bronson jeopardizes his Witness Protection Plan identity in order to help his girlfriend get to Los Angeles. The feds and Charles' former gang chase them on the road.",6.1,Hit and Run,(2012)
"
An LA detective is murdered because she has microfilm with the recipe to make cocaine cookies. A ""Lethal Weapon"" style cop team tries to find and stop the fiends before they can dope the ...                , »
",6.1,Loaded Weapon 1,(1993)
"
When Joan Wilder is abducted while on a trip along the Nile, her boyfriend, Jack Colton, and pal Ralph rush to rescue her and retrieve a fabled jewel.",6.1,The Jewel of the Nile,(1985)
"
Two teenage assassins accept what they think will be a quick-and-easy job, until an unexpected target throws them off their plan.",6.1,Violet & Daisy,(2011)
"
Two cops have to work together to bring down the yakuza, while trying to protect a beautiful women.",6.1,Showdown in Little Tokyo,(1991)
"
Socially anxious hitman Melvin Smiley, an expert in his lucrative field, goes on a job and falls in love with his kidnapping victim, turning his world upside down.",6.1,The Big Hit,(1998)
"
A homeless vigilante blows away crooked cops, pedophile Santas, and other scumbags with his trusty pump-action shotgun.",6.1,Hobo with a Shotgun,(2011)
"
Ryan Harrison is framed for murder and must prove himself innocent by finding a mysterious one-eyed, one-armed, one-legged man after escaping from a bus accident on the way to jail.",6.1,Wrongfully Accused,(1998)
"
Ali Senay (Cem Yilmaz) and Ilber (Cetin Altay), the two partners of Senay Cüccaciye, sell garden dwarfs. When their company starts to dwindle, they decide to participate in a gardening fair...                , »
",6.1,Ali Baba and the Seven Dwarfs,(I) (2015)
"
Shunned by everyone for being the son of an evil warlord, a teenager seeks to defeat him with the help of his fellow ninjas.",6.0,The LEGO Ninjago Movie,(2017)
"
A rookie officer is teamed with a hardened pro at the California Highway Patrol, though the newbie soon learns his partner is really an undercover Fed investigating a heist that may involve some crooked cops.",6.0,CHIPS,(2017)
"
After facing Shredder, who has joined forces with mad scientist Baxter Stockman and henchmen Bebop and Rocksteady to take over the world, the Turtles must confront an even greater nemesis: the notorious Krang.",6.0,Teenage Mutant Ninja Turtles: Out of the Shadows,(2016)
"
Master explorer Dirk Pitt goes on the adventure of a lifetime of seeking out a lost Civil War battleship known as the ""Ship of Death"" in the deserts of West Africa while helping a WHO doctor being hounded by a ruthless dictator.",6.0,Sahara,(2005)
"
The Turtles and the Shredder battle once again, this time for the last canister of the ooze that created the Turtles, with which Shredder wants to unleash an army of new mutants.",6.0,Teenage Mutant Ninja Turtles II: The Secret of the Ooze,(1991)
"
A tough Russian policeman is forced to partner up with a cocky Chicago police detective when he is sent to Chicago to apprehend a Georgian drug lord who killed his partner and fled the country.",6.0,Red Heat,(1988)
"
A trucker turned prize fighter, his brother and their pet orangutan have a series of misadventures involving the mob, corrupt cops, motorcycle gangs and pretty dames.",6.0,Any Which Way You Can,(1980)
"
An eight year-old boy genius and his friends must rescue their parents after the adults are abducted by aliens.",6.0,Jimmy Neutron: Boy Genius,(2001)
"
To stop an elusive criminal, a maverick detective enlists the aid of a police dog who's an unusually intelligent smart alec.",6.0,K-9,(1989)
"
Jordan White and Amy Blue, two troubled teens, pick up an adolescent drifter, Xavier Red. Together, the threesome embark on a sex and violence-filled journey through an America of psychos and quickiemarts.",6.0,The Doom Generation,(1995)
"
Rahul, who is asked to immerse his late grandfather's ashes in Rameshwaram, unwillingly boards the Chennai Express and finds himself entangled with Meena, the daughter of a don.",6.0,Chennai Express,(2013)
"
A group of suburban biker wannabes looking for adventure hit the open road, but get more than they bargained for when they encounter a New Mexico gang called the Del Fuegos.",5.9,Wild Hogs,(2007)
"
A suburban couple becomes embroiled in an international espionage plot when they discover that their seemingly perfect new neighbors are government spies.",5.9,Keeping Up with the Joneses,(2016)
"
As his wedding day approaches, Ben heads to Miami with his soon-to-be brother-in-law James to bring down a drug dealer who's supplying the dealers of Atlanta with product.",5.9,Ride Along 2,(2016)
"
Two corrupt cops set out to blackmail and frame every criminal unfortunate enough to cross their path. Events, however, are complicated by the arrival of someone who appears to be even more dangerous than they are.",5.9,War on Everyone,(2016)
"
The Nazis set up a secret base on the dark side of the moon in 1945 where they hide out and plan to return to power in 2018.",5.9,Iron Sky,(2012)
"
After a publisher changes a writer's debut novel about a deadly assassin from fiction to non-fiction, the author finds himself thrust into the world of his lead character, and must take on the role of his character for his own survival.",5.9,True Memoirs of an International Assassin,(2016)
"
A private detective specializing in missing children is charged with the task of finding a special child who dark forces want to eliminate.",5.9,The Golden Child,(1986)
"
Hysterical Californians prepare for a Japanese invasion in the days after Pearl Harbor.",5.9,1941,(1979)
"
A gang of ex-cons rob a casino during Elvis convention week.",5.9,3000 Miles to Graceland,(2001)
"
A pair of buddies conspire to save their best friend from marrying the wrong woman.",5.9,Saving Silverman,(2001)
"
An old flame discovers her ex-boyfriend from the past is a relocated FBI informant out to stop the bad guys.",5.9,Bird on a Wire,(1990)
"
Two garbage men uncover a conspiracy involving illegal toxic waste dumping and decide to bring the whole operation down.",5.9,Men at Work,(1990)
"
This action movie unfolds with the story of Bei, a salesman at a workout equipment store, who harbors dreams of adventures. It all starts when on one normal dull day, Bei follows his ...                , »
",5.9,The Accidental Spy,(2001)
"
A gang of bank robbers fight their way out of a zombie-infested London.",5.9,Cockneys vs Zombies,(2012)
"
Sean Anderson partners with his mom's husband on a mission to find his grandfather, who is thought to be missing on a mythical island.",5.8,Journey 2: The Mysterious Island,(2012)
"
A guard at an armored car company in the Southern U.S. organizes one of the biggest bank heists in American history. Based on the October 1997 Loomis Fargo robbery.",5.8,Masterminds,(I) (2016)
"
When a kingpin threatens New York City, a group of mutated turtle warriors must emerge from the shadows to protect their home.",5.8,Teenage Mutant Ninja Turtles,(2014)
"
Following the death of his father, Britt Reid, heir to his father's large company, teams up with his late dad's assistant Kato to become a masked crime fighting team.",5.8,The Green Hornet,(2011)
"
Robin Monroe, a New York magazine editor, and the gruff pilot Quinn Harris must put aside their mutual dislike if they are to survive after crash landing on a deserted South Seas island.",5.8,Six Days Seven Nights,(1998)
"
To win a bet, an eccentric British inventor beside his Chinese valet and an aspiring French artist, embarks on a trip full of adventures and dangers around the world in exactly 80 days.",5.8,Around the World in 80 Days,(2004)
"
When ""The Man"" tries to derail a black candidate's presidential campaign, Undercover Brother and his fellow secret agents come to the rescue.",5.8,Undercover Brother,(2002)
"
A cat burglar is forced to steal Da Vinci works of art for a world domination plot.",5.8,Hudson Hawk,(1991)
"
Two criminals, Keats and Moses, end their friendship, when Keats turns out to be an undercover cop. Many years later, the two are forced to work together when Keats is assigned to protect Moses as a witness.",5.8,Bulletproof,(1996)
"
Clint Eastwood plays a veteran detective who gets stuck with a rookie cop (Charlie Sheen) to chase down a German crook (Raul Julia.)",5.8,The Rookie,(1990)
"
Jack Cates once again enlists the aid of ex-con Reggie Hammond--this time, to take down The Iceman, a ruthless drug lord operating in the San Francisco bay area.",5.8,Another 48 Hrs.,(1990)
"
Escaped convict Jack Hammond takes a woman hostage and sets off for the Mexican border with the police hot on his tail.",5.8,The Chase,(1994)
"
Out to stop a new gang disguised as Santa Claus, Emilien and Daniel must also handle major changes in their personal relationships.",5.8,Taxi 3,(2003)
"
A bounty hunter chases and catches suspects all over Miami . He ends up getting shot at and start to second guess his job as a bounty hunter . While he feels he need to be making more and ...                , »
",5.8,All About the Benjamins,(2002)
"
A comic caper about Happy Singh, a Punjabi villager who goes through a series of misadventures and eventually becomes the Kinng of the Australian underworld.",5.8,Singh Is Kinng,(2008)
"
A young man working at a small town junkyard discovers and befriends a creature which feeds on oil being sought by a fracking company.",5.7,Monster Trucks,(2016)
"
Two down-on-their-luck guys decide to fake their own deaths and start over with new identities, only to find the people they're pretending to be are in even deeper trouble.",5.7,The Do-Over,(2016)
"
A detective from Hong Kong teams up with an American gambler to battle against a notorious Chinese criminal.",5.7,Skiptrace,(2016)
"
A new clue to the whereabouts of a lost treasure rekindles a married couple's sense of adventure -- and their estranged romance.",5.7,Fool's Gold,(I) (2008)
"
Four men who form a neighborhood watch group as a way to get out of their day-to-day family routines find themselves defending the Earth from an alien invasion.",5.7,The Watch,(I) (2012)
"
In turn-of-the-century Mexico, two very different women become a bank-robbing duo in an effort to combat a ruthless enforcer terrorizing their town.",5.7,Bandidas,(2006)
"
The Looney Tunes search for a man's missing father and the mythical Blue Monkey diamond.",5.7,Looney Tunes: Back in Action,(2003)
"
A young pilot finds himself recruited unwittingly into a covert and corrupt C.I.A. airlift organization operating in Vietnam War-era Laos.",5.7,Air America,(1990)
"
Right before his daughter's wedding, a mild-mannered foot doctor discovers that his future son-in-law's father is a free-wheeling international spy.",5.7,The In-Laws,(I) (2003)
"
A corporation hires a professional assassin to pose as its trade show representative who must organize the wedding of a Middle Eastern pop star, which will allow him the opportunity to kill a Middle Eastern politician.",5.7,"War, Inc.",(2008)
"
Devoted lifeguard Mitch Buchannon butts heads with a brash new recruit, as they uncover a criminal plot that threatens the future of the bay.",5.6,Baywatch,(2017)
"
When aliens misinterpret video feeds of classic arcade games as a declaration of war, they attack the Earth in the form of the video games.",5.6,Pixels,(2015)
"
A recently slain cop joins a team of undead police officers working for the Rest in Peace Department and tries to find the man who murdered him.",5.6,R.I.P.D.,(2013)
"
Having recovered from wounds received in a failed rescue operation, Navy SEAL Shane Wolfe is handed a new assignment: Protect the five Plummer kids from enemies of their recently deceased father -- a government scientist whose top-secret experiment remains in the kids' house.",5.6,The Pacifier,(2005)
"
A trio of guys try and make up for missed opportunities in childhood by forming a three-player baseball team to compete against standard children baseball squads.",5.6,The Benchwarmers,(2006)
"
Three people attempt to stop a gigantic crocodile, who is terrorizing residents in Black Lake, Maine.",5.6,Lake Placid,(1999)
"
A flighty teenage girl learns that she is her generation's destined battler of vampires.",5.6,Buffy the Vampire Slayer,(1992)
"
Jimmy's rare baseball card is robbed. Since it's his only hope to pay for his daughter's upcoming wedding, he recruits his cop partner Paul to track down the robber, a memorabilia-obsessed gangster.",5.6,Cop Out,(2010)
"
When a Harvard-educated C.I.A. Agent is killed during an operation, the secret agency recruits his twin brother.",5.6,Bad Company,(2002)
"
Jason Stillwell, a Bruce Lee fan, is beaten numerous times and trains from the ghost of Lee. Jason then must use his newly acquired skills to save Seattle from a crime syndicate, whose top ...                , »
",5.6,"No Retreat, No Surrender",(1986)
"
A female pirate and her companion race against their rivals to find a hidden island that contains a fabulous treasure.",5.6,Cutthroat Island,(1995)
"
Two mismatched security guards are thrown together to bust a smuggling operation.",5.6,National Security,(2003)
"
A vengeful New York transit cop decides to steal a trainload of subway fares; his foster brother, a fellow cop, tries to protect him.",5.6,Money Train,(1995)
"
Unlucky, clumsy, charming Marseile PD detective Émilien Coutant-Kerbalec must assist worse-than-Clouseau commissioner Gibert guarding a Belgian criminal reputed as dangerous as - and caged ...                , »
",5.6,Taxi 4,(2007)
"
Rose Hathaway is a Dhampir, half human-half vampire, a guardian of the Moroi, peaceful, mortal vampires living discreetly within our world. Her calling is to protect the Moroi from bloodthirsty, immortal Vampires, the Strigoi.",5.5,Vampire Academy,(2014)
"
Three women, detectives with a mysterious boss, retrieve stolen voice-ID software, using martial arts, tech skills, and sex appeal.",5.5,Charlie's Angels,(2000)
"
An Israeli Special Forces Soldier fakes his death so he can re-emerge in New York City as a hair stylist.",5.5,You Don't Mess with the Zohan,(2008)
"
Juggling angry Russians, the British Mi5, and an international terrorist, debonair art dealer and part time rogue Charlie Mortdecai races to recover a stolen painting rumored to contain a code that leads to lost gold.",5.5,Mortdecai,(2015)
"
A bounty hunter learns that his next target is his ex-wife, a reporter working on a murder cover-up. Soon after their reunion, the always-at-odds duo find themselves on a run-for-their-lives adventure.",5.5,The Bounty Hunter,(I) (2010)
"
Orin Boyd, a tough cop in an inner-city precinct discovers a web of dirty cops and corruption.",5.5,Exit Wounds,(2001)
"
Axel Foley, while investigating a car theft ring, comes across something much bigger than that: the same men who shot his boss are running a counterfeit money ring out of a theme park in Los Angeles.",5.5,Beverly Hills Cop III,(1994)
"
Former special operative MacGruber is called back into action to take down his arch-enemy, Dieter Von Cunth, who's in possession of a nuclear warhead and bent on destroying Washington, D.C.",5.5,MacGruber,(2010)
"
Australian outback expert protects his New York love from gangsters who've followed her down under.",5.5,Crocodile Dundee II,(1988)
"
A Vietnam veteran who becomes a local hero after saving a man from attackers on a city bus decides to take action when his best friend is murdered and the police show little interest in solving the crime.",5.5,Bad Ass,(2012)
"
Based on the very underground comic book, a Tibetan monk becomes a mentor to a young street kid whom he can teach to protect a scroll.",5.5,Bulletproof Monk,(2003)
"
A man tries to rescue a woman with a little help from his half brother.",5.5,Beverly Hills Ninja,(1997)
"
A Hostage Negotiator teams up with a Sharpshooter to bring down a dangerous jewel thief.",5.5,Metro,(1997)
"
A spoof of buddy cop movies where two very different cops are forced to team up on a new reality based television cop show, while tracking down the manufacturer and distributor of an illegally made semi-automatic firearm.",5.5,Showtime,(2002)
"
A young bank receptionist gets mixed up with Rajveer Nanda, a man who has a mysterious background.",5.5,Bang Bang,(I) (2014)
"
A quaint Australian fishing village is overcome by meteorites that turn its residents into the ravenous undead, leaving a small group of those unharmed to find a way out.",5.5,Undead,(2003)
"
Special Agent Derrick Vann is a man out to get the man who killed his partner but a case of mistaken identity leads him to Andy Fidler, a salesman with too many questions and a knack of getting in Vanns way.",5.5,The Man,(2005)
"
Two immature detectives are joined by a pesky assistant district attorney in staking out a lakeside home where a Mafia trial witness is believed to be heading.",5.5,Another Stakeout,(1993)
"
A group of people try to survive when machines start to come alive and become homicidal.",5.4,Maximum Overdrive,(1986)
"
The children of secret-agent parents must save them from danger.",5.4,Spy Kids,(2001)
"
A man raised in the jungle by apes falls in love with a wealthy American heiress.",5.4,George of the Jungle,(1997)
"
A teenage special ops agent coveting a ""normal"" adolescence fakes her own death and enrolls in a suburban high school. She quickly learns that surviving the treacherous waters of high school is more challenging than international espionage.",5.4,Barely Lethal,(2015)
"
Former CIA spy Bob Ho takes on his toughest assignment to date: looking after his girlfriend's three kids, who haven't exactly warmed to their mom's beau.",5.4,The Spy Next Door,(2010)
"
A vacationing woman meets her ideal man, leading to a swift marriage. Back at home, however, their idyllic life is upset when they discover their neighbors could be assassins who have been contracted to kill the couple.",5.4,Killers,(2010)
"
Venomous spiders get exposed to a noxious chemical that causes them to grow to monumental proportions.",5.4,Eight Legged Freaks,(2002)
"
A professional athlete has to help a U.S. government agent recover a missing jet.",5.4,I Spy,(2002)
"
A Texas Ranger must protect a group of cheerleaders who have witnessed a murder.",5.4,Man of the House,(I) (2005)
"
A maverick skydiver and a former KGB agent team up to stop the Russian mafia from stealing gold.",5.4,Terminal Velocity,(1994)
"
A comedy of errors wherein four men help each other to fool their prospective father-in-laws creating a cascade of confusion and mayhem.",5.4,Housefull 2,(2012)
"
Following a ghost invasion of Manhattan, paranormal enthusiasts Erin Gilbert and Abby Yates, nuclear engineer Jillian Holtzmann, and subway worker Patty Tolan band together to stop the otherworldly threat.",5.3,Ghostbusters,(2016)
"
A girl is among the few survivors of a dystopian Earth. Riding a war tank, she fights against the tyranny of a mega-corporation that dominates the remaining potable water supply of the planet.",5.3,Tank Girl,(1995)
"
Unemployed and newly-divorced Stephanie Plum lands a job at her cousin's bail-bond business, where her first assignment puts her on the trail of a wanted local cop from her romantic past.",5.3,One for the Money,(2012)
"
Dick Steele, Agent WD-40 is assigned by his Director, to stop the evil General Rancor from destroying the world. WD-40 believed Rancor was dead and he teams up with the hot K.G.B. Agent Veronique Ukrinsky to find Rancor and save the world.",5.3,Spy Hard,(1996)
"
The unruly team of hockey misfits grows up a bit and receives scholarships to a prestigious prep school, where they take on the snotty varsity team.",5.3,D3: The Mighty Ducks,(1996)
"
Plaid-skirted schoolgirls are groomed by a secret government agency to become the newest members of the elite national-defense group, D.E.B.S.",5.3,D.E.B.S.,(2004)
"
A bratty teenager fakes her own kidnapping, but gets mistakenly kidnapped for real instead.",5.3,Excess Baggage,(1997)
"
A hapless chauffeur must take a comatose secret agent's place using his special gadget-laden tuxedo.",5.3,The Tuxedo,(2002)
"
Two cops, played by Seagal and Wayans, are forced to work together to solve a chain of mysterious killings by a killer nicknamed ""The Family Man"".",5.3,The Glimmer Man,(1996)
"
Depicting a brotherhood between two step-brothers in which the elder brother has a secret identity.",5.3,Dilwale,(2015)
"
Two LAPD detectives who moonlight in other fields investigate the murder of an up-and-coming rap group.",5.3,Hollywood Homicide,(2003)
"
Each year, three brothers, Samuel, Jeffrey and Michael Douglas visit their grandfather, Mori Tanaka, for the summer. Mori is highly skilled in ninjutsu, and for years he has trained the ...                , »
",5.2,3 Ninjas,(1992)
"
When a shopping mall is taken over by a gang of organized crooks, it's up to a mild-mannered security guard to save the day.",5.2,Paul Blart: Mall Cop,(2009)
"
A teenager accidentally activates a machine that enables him to speed up his body so that other people seem to be standing still.",5.2,Clockstoppers,(2002)
"
The Bandit goes on another cross-country run, transporting an elephant from Florida to Texas. And, once again, Sheriff Buford T. Justice is on his tail.",5.2,Smokey and the Bandit II,(1980)
"
Their women having been enslaved by the local pack of lesbian vampires thanks to an ancient curse, the remaining menfolk of a rural town send two hapless young lads out onto the moors as a sacrifice.",5.2,Vampire Killers,(2009)
"
Pootie Tang, the musician/actor/folk hero of the ghetto, is chronicled from his early childhood to his battles against the evil Corporate America, who try to steal his magic belt and make ...                , »
",5.2,Pootie Tang,(2001)
"
A Hong Kong detective suffers a fatal accident involving a mysterious medallion and is transformed into an immortal warrior with superhuman powers.",5.2,The Medallion,(2003)
"
A gang of an amateur dancers takes part in a dancing competition to avenge their personal vendetta.",5.2,Happy New Year,(I) (2014)
"
Peter Brackett and Sabrina Peterson are two competing Chicago newspaper reporters who join forces to unravel the mystery behind a train derailment.",5.2,I Love Trouble,(1994)
"
Cousins Bo, Luke, and Daisy Duke, and their uncle Jesse, egg on the authorities of Hazzard County, Boss Hogg and Sheriff Coltrane.",5.1,The Dukes of Hazzard,(2005)
"
An uptight and by-the-book cop tries to protect the outgoing widow of a drug boss as they race through Texas pursued by crooked cops and murderous gunmen.",5.1,Hot Pursuit,(2015)
"
A specially trained squad of guinea pigs is dispatched to stop a diabolical billionaire from taking over the world.",5.1,G-Force,(2009)
"
The Cortez siblings set out for a mysterious island, where they encounter a genetic scientist and a set of rival spy kids.",5.1,Spy Kids 2: Island of Lost Dreams,(2002)
"
In order to protect a beautiful woman and her son from a robber, a male FBI agent disguises himself as a large grandmother.",5.1,Big Momma's House,(2000)
"
A government agent trains Cody Banks in the ways of covert operations that require younger participants.",5.1,Agent Cody Banks,(2003)
"
A look at the top-secret, high-tech espionage war going on between cats and dogs, of which their human owners are blissfully unaware.",5.1,Cats & Dogs,(2001)
"
Fortune hunter Allan Quatermain teams up with a resourceful woman to help her find her missing father lost in the wilds of 1900s Africa while being pursued by hostile tribes and a rival German explorer.",5.1,King Solomon's Mines,(1985)
"
The adventures of supernatural private investigator, Dylan Dog, who seeks out the monsters of the Louisiana bayou in his signature red shirt, black jacket, and blue jeans.",5.1,Dylan Dog: Dead of Night,(2010)
"
A tough, street-smart private eye is hired by the FBI to go undercover in a college sorority.",5.0,So Undercover,(2012)
"
After Cheryl Frasier and Stan Fields are kidnapped, Gracie goes undercover in Las Vegas to find them.",5.0,Miss Congeniality 2: Armed and Fabulous,(2005)
"
A company retreat on a tropical island goes terribly awry.",5.0,Welcome to the Jungle,(2013)
"
The Phantom, descendent of a line of African superheroes, travels to New York City to thwart a wealthy criminal genius from obtaining three magic skulls which would give him the secret to ultimate power.",4.9,The Phantom,(1996)
"
Synthetic kryptonite laced with tar splits Superman in two: good Clark Kent and bad Man of Steel.",4.9,Superman III,(1983)
"
The original characters from the first Cannonball movie race across the country once more in various cars and trucks.",4.9,Cannonball Run II,(1984)
"
The two best hired guns in the West must save President Grant from the clutches of a nineteenth-century inventor-villain.",4.8,Wild Wild West,(1999)
"
The Angels investigate a series of murders which occur after the theft of a witness protection profile database.",4.8,Charlie's Angels: Full Throttle,(2003)
"
Elwood must reunite the old band, with a few new members, and go on another ""Mission from God.""",4.8,Blues Brothers 2000,(1998)
"
The turtles find themselves transported back in time to ancient Japan.",4.8,Teenage Mutant Ninja Turtles III,(1993)
"
A Beagle must use his newly-bestowed superpowers to defend Capitol City from mad scientist Simon Barsinister.",4.8,Underdog,(2007)
"
Red Riding Hood is training in the group of Sister Hoods, when she and the Wolf are called to examine the sudden mysterious disappearance of Hansel and Gretel.",4.8,Hoodwinked Too! Hood vs. Evil,(2011)
"
Action star Jean Claude Van Damme plays a fashion designer who must join forces with a C.I.A. agent to combat terrorism.",4.8,Knock Off,(1998)
"
An international spy teams up with an arms dealer to escape from a penal colony and rescue his family from a terrorist.",4.7,Double Team,(1997)
"
Set in Thailand and India, a case of mistaken identity leads to love; and a man and his family concoct a grand scheme to win over the hearts of a woman and her greedy conniving uncles.",4.7,Ready,(2011)
"
A sarcastic humanoid duck is pulled from his homeworld to Earth where he must stop a hellish alien invasion with the help of a nerdy scientist and a cute struggling female rock singer who fancies him.",4.6,Howard the Duck,(1986)
"
Orphaned high school student Rick Riker is bitten by a radioactive dragonfly, develops super powers (except for the ability to fly), and becomes a hero.",4.5,Superhero Movie,(2008)
"
Three bad girls travel to a remote desert hideaway to steal $200 million in diamonds from a ruthless underworld kingpin.",4.5,Bitch Slap,(2009)
"
In the ironically named city of Paradise, a recently laid-off loser teams up with his cult-leading uncle to steal a peculiar bounty of riches from their local amusement park; somehow, the recently arrived Taliban have a similar focus, but a far more sinister intent.",4.5,Postal,(2007)
"
With all-new gadgets, high-flying action, exciting chases and a wisecracking new handler, Derek (Anthony Anderson), Cody has to retrieve the device before the world's leaders fall under the evil control of a diabolical villain.",4.5,Agent Cody Banks 2: Destination London,(2004)
"
Cedric the Entertainer plays Jake, a seemingly regular guy who has no idea who he is after being hit over the head by mysterious assailants; when he finds himself entangled in a government ...                , »
",4.5,Code Name: The Cleaner,(2007)
"
After six years of keeping our malls safe, Paul Blart has earned a well-deserved vacation. He heads to Vegas with his teenage daughter before she heads off to college. But safety never takes a holiday and when duty calls, Blart answers.",4.4,Paul Blart: Mall Cop 2,(2015)
"
A mouthy and feisty taxicab driver has hot tips for a green and inept cop set on solving a string of New York City bank robberies committed by a quartet of female Brazilian bank robbers.",4.4,Taxi,(I) (2004)
"
Two childhood friends, a New York hairstylist and a would-be musician, get caught up with the mob and are forced to deliver $50,000 to Australia, but things go haywire when the money is lost to a wild kangaroo.",4.4,Kangaroo Jack,(2003)
"
Malcolm Turner and his stepson Trent go undercover at an all-girls school to flush out a killer.",4.4,"Big Mommas: Like Father, Like Son",(2011)
"
When her boyfriend dumps her before their exotic vacation, a young woman persuades her ultra-cautious mother to travel with her to paradise, with unexpected results.",4.3,Snatched,(I) (2017)
"
Former superhero Jack is called back to work to transform an unlikely group of ragtag kids into superheroes at a private academy.",4.3,Zoom,(2006)
"
The ongoing war between the canine and feline species is put on hold when they join forces to thwart a rogue cat spy with her own sinister plans for conquest.",4.3,Cats & Dogs: The Revenge of Kitty Galore,(2010)
"
Carmen's caught in a virtual reality game designed by the Kids' new nemesis, the Toymaker. It's up to Juni to save his sister, and ultimately the world.",4.2,Spy Kids 3: Game Over,(2003)
"
When The Hood finds and invades International Rescue's secret base and traps most of the Tracy family, only young Alan Tracy and his friends can save the day.",4.2,Thunderbirds,(2004)
"
A security guard's dreams come true when he is selected to be transformed into a cybernetic police officer.",4.1,Inspector Gadget,(1999)
"
A tough police sergeant's overbearing mother comes to visit him and begins to meddle in his life and career.",4.1,Stop! Or My Mom Will Shoot,(1992)
"
Biker Cary Ford is framed by an old rival and biker gang leader for the murder of another gang member who happens to be the brother of Trey (Ice Cube), leader of the most feared biker gang ...                , »
",4.0,Torque,(2004)
"
Col. Guile and various other martial arts heroes fight against the tyranny of Dictator M. Bison and his cohorts.",3.8,Street Fighter,(1994)
"
In the future, a man struggles to keep his lunar nightclub out of the hands of the mafia.",3.8,The Adventures of Pluto Nash,(2002)
"
A retired spy is called back into action, and to bond with her new step-children, she invites them along for the adventure to stop the evil Timekeeper from taking over the world.",3.6,Spy Kids 4: All the Time in the World,(2011)
"
Street dancer Thomas Uncles is from the wrong side of the tracks, but his bond with the beautiful Megan White might help the duo realize their dreams as they enter in the mother of all dance battles.",3.5,Dance Flick,(2009)
"
A family of Turks try to adapt to life in a new solar system.",1.9,Turks in Space,(2006)
